scope,local_id,source,upstream_match,classification,v1_critical,note_code
stock,window-close,tiling,exact,exact,true,exact
stock,window-close-alt,tiling,none,equivalent,false,local_alias
stock,window-close-all,tiling,exact,unavailable,false,windows_sas
stock,layout-toggle-split,tiling,exact,equivalent,true,reflow_limits
stock,window-pseudo,tiling,exact,unavailable,false,no_glaze_primitive
stock,window-float,tiling,exact,equivalent,true,state_semantics
stock,window-fullscreen,tiling,exact,deferred,true,fullscreen_bug
stock,window-tiled-fullscreen,tiling,exact,unavailable,false,no_glaze_primitive
stock,window-fullwidth,tiling,exact,exact,true,exact
stock,window-pop,tiling,exact,equivalent,false,no_cross_workspace_pin
stock,window-width-memory,tiling,exact,deferred,false,verb_candidate
stock,workspace-layout-toggle,tiling,exact,unavailable,false,windows_reserved_and_no_cycle
stock,focus-left,tiling,exact,exact,true,exact
stock,focus-right,tiling,exact,exact,true,exact
stock,focus-up,tiling,exact,exact,true,exact
stock,focus-down,tiling,exact,exact,true,exact
stock,workspace-switch,tiling,exact,exact,true,stock_1_to_10
stock,workspace-move,tiling,exact,exact,true,stock_1_to_10
stock,workspace-move-silent,tiling,exact,exact,true,stock_1_to_10
stock,scratchpad-toggle,tiling,exact,equivalent,true,single_window_emulation
stock,scratchpad-toggle-alt,tiling,none,unavailable,false,legacy_untranslatable_alias
stock,scratchpad-move,tiling,exact,equivalent,true,single_window_emulation
stock,scratchpad-move-alt,tiling,none,unavailable,false,legacy_untranslatable_alias
stock,workspace-next,tiling,exact,exact,true,exact
stock,workspace-prev,tiling,exact,exact,true,exact
stock,workspace-former,tiling,exact,exact,true,exact
stock,workspace-to-monitor-left,tiling,exact,exact,true,exact
stock,workspace-to-monitor-right,tiling,exact,exact,true,exact
stock,workspace-to-monitor-up,tiling,exact,exact,true,exact
stock,workspace-to-monitor-down,tiling,exact,exact,true,exact
stock,window-swap-left,tiling,exact,exact,true,exact
stock,window-swap-right,tiling,exact,exact,true,exact
stock,window-swap-up,tiling,exact,exact,true,exact
stock,window-swap-down,tiling,exact,exact,true,exact
stock,window-cycle,tiling,exact,equivalent,true,native_task_switcher
stock,monitor-focus-cycle,tiling,exact,unavailable,false,native_chord_conflict
stock,resize-width-shrink,tiling,exact,deferred,true,width_semantics_unverified
stock,resize-width-grow,tiling,exact,deferred,true,width_semantics_unverified
stock,resize-height-shrink,tiling,exact,equivalent,true,percentage_not_pixels
stock,resize-height-grow,tiling,exact,equivalent,true,percentage_not_pixels
stock,resize-width-shrink-little,tiling,exact,deferred,true,width_semantics_unverified
stock,resize-width-grow-little,tiling,exact,deferred,true,width_semantics_unverified
stock,resize-height-shrink-little,tiling,exact,equivalent,true,percentage_not_pixels
stock,resize-height-grow-little,tiling,exact,equivalent,true,percentage_not_pixels
stock,resize-width-shrink-lots,tiling,exact,deferred,true,width_semantics_unverified
stock,resize-width-grow-lots,tiling,exact,deferred,true,width_semantics_unverified
stock,resize-height-shrink-lots,tiling,exact,equivalent,true,percentage_not_pixels
stock,resize-height-grow-lots,tiling,exact,equivalent,true,percentage_not_pixels
stock,workspace-scroll,tiling,exact,unavailable,false,no_glaze_mouse_bindings
stock,window-drag,tiling,exact,unavailable,false,no_glaze_mouse_bindings
stock,group-toggle,tiling,exact,unavailable,false,no_glaze_grouping
stock,group-family,tiling,exact,unavailable,false,no_glaze_grouping
stock,group-window-select,tiling,exact,unavailable,false,no_glaze_grouping
stock,monitor-scaling,tiling,exact,unavailable,false,no_live_analog
stock,app-terminal,applications,exact,equivalent,true,launcher_helper_semantics
stock,app-browser,applications,exact,equivalent,true,launcher_helper_semantics
stock,app-browser-alt,applications,exact,equivalent,true,launcher_helper_semantics
stock,app-browser-private,applications,exact,equivalent,true,launcher_helper_semantics
stock,app-files,applications,exact,equivalent,true,launcher_helper_semantics
stock,app-files-cwd,applications,exact,unavailable,false,no_cwd_integration
stock,app-editor,applications,exact,equivalent,false,launcher_helper_semantics
stock,app-preinstalled-pack,applications,exact,deferred,false,aggregates_mixed_launch_focus
stock,app-webapp-pack,applications,exact,deferred,false,aggregates_mixed_launch_focus
stock,clipboard-universal,clipboard,exact,equivalent,false,native_ctrl_shortcuts
stock,clipboard-manager,clipboard,exact,equivalent,false,native_win_v
stock,launcher,utilities,exact,equivalent,true,powertoys_run
stock,apps-menu,utilities,exact,unavailable,false,no_second_launcher_mode
stock,emoji,utilities,exact,equivalent,false,native_alternate_chord
stock,capture-menu,utilities,exact,equivalent,false,native_alternate_chord
stock,omarchy-menus,utilities,exact,unavailable,false,no_omarchy_menu
stock,wm-cycle-focus,utilities,chord_conflict,equivalent,true,local_fullscreen_escape
stock,keybindings-reference,utilities,exact,deferred,true,p2_help_surface
stock,keybindings-other,utilities,exact,unavailable,false,no_tmux_herdr_layer
stock,calculator,utilities,exact,exact,false,exact
stock,bar-toggle,utilities,exact,deferred,true,p2_controls
stock,background-next,utilities,exact,deferred,false,p3_appearance
stock,theme-menu,utilities,exact,deferred,false,p3_appearance
stock,transparency-toggle,utilities,exact,deferred,false,verb_candidate
stock,gaps-toggle,utilities,exact,unavailable,false,no_runtime_glaze_toggle
stock,square-aspect-toggle,utilities,exact,unavailable,false,no_analog
stock,notifications,utilities,exact,unavailable,true,native_center_lacks_item_actions
stock,idle-nightlight,utilities,exact,unavailable,false,no_exact_toggle
stock,laptop-display,utilities,exact,unavailable,false,platform_specific
stock,screenshot,utilities,exact,exact,false,exact
stock,screenrecording,utilities,exact,equivalent,false,native_alternate_chord
stock,webcam-overlay,utilities,exact,unavailable,false,no_overlay
stock,color-picker,utilities,exact,equivalent,false,powertoys_alternate_chord
stock,ocr,utilities,exact,equivalent,false,powertoys_alternate_chord
stock,share-transcode,utilities,exact,unavailable,false,no_v1_analog
stock,reminders,utilities,exact,unavailable,false,no_v1_system
stock,info-toasts,utilities,exact,deferred,false,p2_status_surfaces
stock,agent,utilities,exact,unavailable,false,outside_v1
stock,shell-panels,utilities,exact,deferred,true,p2_controls
stock,activity,utilities,exact,equivalent,false,native_task_manager
stock,bar-panel-select,utilities,exact,deferred,false,p2_controls
stock,zoom,utilities,exact,equivalent,false,native_magnifier
stock,lock,utilities,exact,equivalent,false,windows_reserved
stock,media-volume,media,exact,equivalent,false,native_media_keys
stock,media-brightness,media,exact,equivalent,false,native_oem_keys
stock,media-transport,media,exact,equivalent,false,native_media_keys
stock,touchpad,media,exact,equivalent,false,native_oem_keys
stock,audio-output-switch,media,exact,deferred,true,p2_controls
stock,media-source-switch,media,exact,unavailable,false,no_analog
stock,dictation,voxtype,exact,unavailable,false,toggle_only_no_push_to_talk
upstream-only,power-menu-hardware,utilities,XF86PowerOff,deferred,true,missing_stock_alias
upstream-only,calculator-hardware,utilities,XF86Calculator,equivalent,false,missing_stock_alias
upstream-only,capture-highlighted-window,utilities,RETURN,deferred,false,transient_capture_layer
upstream-only,capture-entire-screen,utilities,CTRL_RETURN,deferred,false,transient_capture_layer
upstream-only,capture-next-window,utilities,TAB,deferred,false,transient_capture_layer
upstream-only,capture-previous-window,utilities,CTRL_TAB,deferred,false,transient_capture_layer
upstream-only,capture-window-left,utilities,LEFT,deferred,false,transient_capture_layer
upstream-only,capture-window-right,utilities,RIGHT,deferred,false,transient_capture_layer
upstream-only,capture-window-up,utilities,UP,deferred,false,transient_capture_layer
upstream-only,capture-window-down,utilities,DOWN,deferred,false,transient_capture_layer
local-override,workspace-families-shortened,tiling,workspace_1_to_10,exact,true,sanitized_range_override
local-override,additional-browser-role,applications,none,equivalent,true,sanitized_direct_launch
local-override,wm-reload,utilities,none,deferred,true,reload_replays_manage_rules
local-override,wm-exit,utilities,none,equivalent,true,local_recovery_control
local-override,desktop-panic,utilities,none,equivalent,true,local_recovery_control
local-override,capture-entry,applications,none,equivalent,false,sanitized_local_action
local-override,notes-entry,applications,preinstalled_app,equivalent,false,sanitized_local_action
